_id,name,description,status,createdAt,updatedAt,__v,slug
698ee4182608b7431e144924,Social Game,Accommodation and lodging facilities Game,active,2026-02-13T08:43:04.905Z,2026-02-13T08:44:15.151Z,0,
698ef2d1aa462086ac3c311c,Social TML,zdgrd,active,2026-02-13T09:45:53.830Z,2026-02-13T09:45:53.830Z,0,
698efc101dc6ed2139058c0b,Electrical Game,,active,2026-02-13T10:25:20.550Z,2026-02-13T10:25:20.550Z,0,electrical-game
698efd212156b9891760c7fe,Social TML 3,ss 3333,inactive,2026-02-13T10:29:53.118Z,2026-02-13T12:55:54.470Z,0,social-tml-2
698f267cd0a9be3adb22e06e,Category 1,Dummy description 1,inactive,2026-02-13T13:26:20.015Z,2026-02-13T13:26:20.015Z,,category-1
698f267cd0a9be3adb22e06f,Category 2,Dummy description 2,active,2026-02-13T13:26:20.015Z,2026-02-13T13:26:20.015Z,,category-2
698f267cd0a9be3adb22e070,Category 3,Dummy description 3,inactive,2026-02-13T13:26:20.015Z,2026-02-13T13:26:20.015Z,,category-3
698f267cd0a9be3adb22e071,Category 4,Dummy description 4,active,2026-02-13T13:26:20.015Z,2026-02-13T13:26:20.015Z,,category-4
698f267cd0a9be3adb22e073,Category 6,Dummy description 6,active,2026-02-13T13:26:20.015Z,2026-02-13T13:26:20.015Z,,category-6
698f267cd0a9be3adb22e074,Category 7,Dummy description 7,inactive,2026-02-13T13:26:20.015Z,2026-02-13T13:26:20.015Z,,category-7
698f267cd0a9be3adb22e075,Category 8,Dummy description 8,active,2026-02-13T13:26:20.015Z,2026-02-13T13:26:20.015Z,,category-8
698f267cd0a9be3adb22e076,Category 9,Dummy description 9,inactive,2026-02-13T13:26:20.015Z,2026-02-13T13:26:20.015Z,,category-9
698f267cd0a9be3adb22e077,Category 10,Dummy description 10,active,2026-02-13T13:26:20.015Z,2026-02-13T13:26:20.015Z,,category-10
698f267cd0a9be3adb22e078,Category 11,Dummy description 11,inactive,2026-02-13T13:26:20.015Z,2026-02-13T13:26:20.015Z,,category-11
698f267cd0a9be3adb22e079,Category 12,Dummy description 12,active,2026-02-13T13:26:20.015Z,2026-02-13T13:26:20.015Z,,category-12
698f267cd0a9be3adb22e07b,Category 14,Dummy description 14,active,2026-02-13T13:26:20.015Z,2026-02-13T13:26:20.015Z,,category-14
698f267cd0a9be3adb22e07c,Category 15,Dummy description 15,inactive,2026-02-13T13:26:20.015Z,2026-02-13T13:26:20.015Z,,category-15
698f267cd0a9be3adb22e07d,Category 16,Dummy description 16,active,2026-02-13T13:26:20.015Z,2026-02-13T13:26:20.015Z,,category-16
698f267cd0a9be3adb22e07e,Category 17,Dummy description 17,inactive,2026-02-13T13:26:20.015Z,2026-02-13T13:26:20.015Z,,category-17
698f267cd0a9be3adb22e07f,Category 18,Dummy description 18,active,2026-02-13T13:26:20.015Z,2026-02-13T13:26:20.015Z,,category-18
698f267cd0a9be3adb22e080,Category 19,Dummy description 19,inactive,2026-02-13T13:26:20.015Z,2026-02-13T13:26:20.015Z,,category-19
698f267cd0a9be3adb22e081,Category 20,Dummy description 20,active,2026-02-13T13:26:20.015Z,2026-02-13T13:26:20.015Z,,category-20
698f267cd0a9be3adb22e082,Category 21,Dummy description 21,inactive,2026-02-13T13:26:20.015Z,2026-02-13T13:26:20.015Z,,category-21
698f267cd0a9be3adb22e083,Category 22,Dummy description 22,active,2026-02-13T13:26:20.015Z,2026-02-13T13:26:20.015Z,,category-22
698f267cd0a9be3adb22e084,Category 23,Dummy description 23,inactive,2026-02-13T13:26:20.015Z,2026-02-13T13:26:20.015Z,,category-23
698f267cd0a9be3adb22e086,Category 25,Dummy description 25,inactive,2026-02-13T13:26:20.015Z,2026-02-13T13:26:20.015Z,,category-25
698f267cd0a9be3adb22e087,Category 26,Dummy description 26,active,2026-02-13T13:26:20.015Z,2026-02-13T13:26:20.015Z,,category-26
698f267cd0a9be3adb22e088,Category 27,Dummy description 27,inactive,2026-02-13T13:26:20.015Z,2026-02-13T13:26:20.015Z,,category-27
698f267cd0a9be3adb22e089,Category 28,Dummy description 28,active,2026-02-13T13:26:20.015Z,2026-02-13T13:26:20.015Z,,category-28
698f267cd0a9be3adb22e08a,Category 29,Dummy description 29,inactive,2026-02-13T13:26:20.015Z,2026-02-13T13:26:20.015Z,,category-29
698f267cd0a9be3adb22e08b,Category 30,Dummy description 30,active,2026-02-13T13:26:20.015Z,2026-02-13T13:26:20.015Z,,category-30
698f267cd0a9be3adb22e08c,Category 31,Dummy description 31,inactive,2026-02-13T13:26:20.015Z,2026-02-13T13:26:20.015Z,,category-31
698f267cd0a9be3adb22e08d,Category 32,Dummy description 32,active,2026-02-13T13:26:20.015Z,2026-02-13T13:26:20.015Z,,category-32
698f267cd0a9be3adb22e08e,Category 33,Dummy description 33,inactive,2026-02-13T13:26:20.015Z,2026-02-13T13:26:20.015Z,,category-33
698f267cd0a9be3adb22e08f,Category 34,Dummy description 34,active,2026-02-13T13:26:20.015Z,2026-02-13T13:26:20.015Z,,category-34
698f267cd0a9be3adb22e090,Category 35,Dummy description 35,inactive,2026-02-13T13:26:20.015Z,2026-02-13T13:26:20.015Z,,category-35
698f267cd0a9be3adb22e091,Category 36,Dummy description 36,active,2026-02-13T13:26:20.015Z,2026-02-13T13:26:20.015Z,,category-36
698f267cd0a9be3adb22e092,Category 37,Dummy description 37,inactive,2026-02-13T13:26:20.015Z,2026-02-13T13:26:20.015Z,,category-37
698f267cd0a9be3adb22e093,Category 38,Dummy description 38,active,2026-02-13T13:26:20.015Z,2026-02-13T13:26:20.015Z,,category-38
698f267cd0a9be3adb22e094,Category 39,Dummy description 39,inactive,2026-02-13T13:26:20.015Z,2026-02-13T13:26:20.015Z,,category-39
698f267cd0a9be3adb22e095,Category 40,Dummy description 40,active,2026-02-13T13:26:20.015Z,2026-02-13T13:26:20.015Z,,category-40
698f267cd0a9be3adb22e096,Category 41,Dummy description 41,inactive,2026-02-13T13:26:20.015Z,2026-02-13T13:26:20.015Z,,category-41
698f267cd0a9be3adb22e097,Category 42,Dummy description 42,active,2026-02-13T13:26:20.015Z,2026-02-13T13:26:20.015Z,,category-42
698f267cd0a9be3adb22e098,Category 43,Dummy description 43,inactive,2026-02-13T13:26:20.015Z,2026-02-13T13:26:20.015Z,,category-43
698f267cd0a9be3adb22e099,Category 44,Dummy description 44,active,2026-02-13T13:26:20.015Z,2026-02-13T13:26:20.015Z,,category-44
698f267cd0a9be3adb22e09a,Category 45,Dummy description 45,inactive,2026-02-13T13:26:20.015Z,2026-02-13T13:26:20.015Z,,category-45
698f267cd0a9be3adb22e09b,Category 46,Dummy description 46,active,2026-02-13T13:26:20.015Z,2026-02-13T13:26:20.015Z,,category-46
698f267cd0a9be3adb22e09c,Category 47,Dummy description 47,inactive,2026-02-13T13:26:20.015Z,2026-02-13T13:26:20.015Z,,category-47
698f267cd0a9be3adb22e09d,Category 48,Dummy description 48,active,2026-02-13T13:26:20.015Z,2026-02-13T13:26:20.015Z,,category-48
698f267cd0a9be3adb22e09e,Category 49,Dummy description 49,inactive,2026-02-13T13:26:20.015Z,2026-02-13T13:26:20.015Z,,category-49
698f267cd0a9be3adb22e09f,Category 50,Dummy description 50,active,2026-02-13T13:26:20.015Z,2026-02-13T13:26:20.015Z,,category-50
698f267cd0a9be3adb22e0a0,Category 51,Dummy description 51,inactive,2026-02-13T13:26:20.015Z,2026-02-13T13:26:20.015Z,,category-51
698f267cd0a9be3adb22e0a1,Category 52,Dummy description 52,active,2026-02-13T13:26:20.015Z,2026-02-13T13:26:20.015Z,,category-52
698f267cd0a9be3adb22e0a2,Category 53,Dummy description 53,inactive,2026-02-13T13:26:20.015Z,2026-02-13T13:26:20.015Z,,category-53
698f267cd0a9be3adb22e0a3,Category 54,Dummy description 54,active,2026-02-13T13:26:20.015Z,2026-02-13T13:26:20.015Z,,category-54
698f267cd0a9be3adb22e0a4,Category 55,Dummy description 55,inactive,2026-02-13T13:26:20.015Z,2026-02-13T13:26:20.015Z,,category-55
698f267cd0a9be3adb22e0a5,Category 56,Dummy description 56,active,2026-02-13T13:26:20.015Z,2026-02-13T13:26:20.015Z,,category-56
698f267cd0a9be3adb22e0a6,Category 57,Dummy description 57,inactive,2026-02-13T13:26:20.015Z,2026-02-13T13:26:20.015Z,,category-57
698f267cd0a9be3adb22e0a7,Category 58,Dummy description 58,active,2026-02-13T13:26:20.015Z,2026-02-13T13:26:20.015Z,,category-58
698f267cd0a9be3adb22e0a8,Category 59,Dummy description 59,inactive,2026-02-13T13:26:20.015Z,2026-02-13T13:26:20.015Z,,category-59
698f267cd0a9be3adb22e0a9,Category 60,Dummy description 60,active,2026-02-13T13:26:20.015Z,2026-02-13T13:26:20.015Z,,category-60
698f267cd0a9be3adb22e0aa,Category 61,Dummy description 61,inactive,2026-02-13T13:26:20.015Z,2026-02-13T13:26:20.015Z,,category-61
698f267cd0a9be3adb22e0ab,Category 62,Dummy description 62,active,2026-02-13T13:26:20.015Z,2026-02-13T13:26:20.015Z,,category-62
698f267cd0a9be3adb22e0ac,Category 63,Dummy description 63,inactive,2026-02-13T13:26:20.015Z,2026-02-13T13:26:20.015Z,,category-63
698f267cd0a9be3adb22e0ad,Category 64,Dummy description 64,active,2026-02-13T13:26:20.015Z,2026-02-13T13:26:20.015Z,,category-64
698f267cd0a9be3adb22e0ae,Category 65,Dummy description 65,inactive,2026-02-13T13:26:20.015Z,2026-02-13T13:26:20.015Z,,category-65
