_id,user_id,accessToken,refreshToken,deviceId,deviceInfo,deviceName,deviceType,userAgent,ipAddress,expiresAt,refreshExpiresAt,isActive,lastUsedAt,createdAt,updatedAt,__v,revokedAt,revokedBy
698eb65204151fda44a5e0af,698eb58ef9f7f4b4864bef74,eyJhbGciOiJIUzI1NiIsInR5cCI6IkpXVCJ9.eyJzdWIiOiI2OThlYjU4ZWY5ZjdmNGI0ODY0YmVmNzQiLCJlbWFpbCI6ImFkbWluQGdtYWlsLmNvbSIsInJvbGVzIjpbInN1cGVyLWFkbWluIl0sInR5cGUiOiJhY2Nlc3MiLCJpYXQiOjE3NzA5NjA0NjYsImV4cCI6MTc3MDk2NDA2Nn0.hjt-qyEWuYIClKRch8yROHmPMkPIa2KuQqrICps9OqM,eyJhbGciOiJIUzI1NiIsInR5cCI6IkpXVCJ9.eyJzdWIiOiI2OThlYjU4ZWY5ZjdmNGI0ODY0YmVmNzQiLCJlbWFpbCI6ImFkbWluQGdtYWlsLmNvbSIsInJvbGVzIjpbInN1cGVyLWFkbWluIl0sInR5cGUiOiJyZWZyZXNoIiwiaWF0IjoxNzcwOTYwNDY2LCJleHAiOjE3NzM1NTI0NjZ9.8tsCepU4T2Fn6M2x-byQUzreIuYHVgAxz1NsCrJSXxo,861974f3e9c9b2f1dfc20dec68aa552f,Chrome on Linux,Linux Desktop,Desktop,"Mozilla/5.0 (X11; Linux x86_64) AppleWebKit/537.36 (KHTML, like Gecko) Chrome/145.0.0.0 Safari/537.36",::1,2026-02-14T05:27:46.055Z,2026-03-15T05:27:46.055Z,false,2026-02-13T05:27:46.057Z,2026-02-13T05:27:46.064Z,2026-02-13T05:53:12.682Z,0,2026-02-13T05:53:12.681Z,New login on same device type
698ebc487da60b637ce145d0,698eb58ef9f7f4b4864bef74,eyJhbGciOiJIUzI1NiIsInR5cCI6IkpXVCJ9.eyJzdWIiOiI2OThlYjU4ZWY5ZjdmNGI0ODY0YmVmNzQiLCJlbWFpbCI6ImFkbWluQGdtYWlsLmNvbSIsInJvbGVzIjpbInN1cGVyLWFkbWluIl0sInR5cGUiOiJhY2Nlc3MiLCJpYXQiOjE3NzA5NjE5OTIsImV4cCI6MTc3MDk2NTU5Mn0.W3z_mj8YG3aDCVVjefAv_H6EDptUMP1MorFpMrrzv-I,eyJhbGciOiJIUzI1NiIsInR5cCI6IkpXVCJ9.eyJzdWIiOiI2OThlYjU4ZWY5ZjdmNGI0ODY0YmVmNzQiLCJlbWFpbCI6ImFkbWluQGdtYWlsLmNvbSIsInJvbGVzIjpbInN1cGVyLWFkbWluIl0sInR5cGUiOiJyZWZyZXNoIiwiaWF0IjoxNzcwOTYxOTkyLCJleHAiOjE3NzM1NTM5OTJ9.f0SK9aoAGGEn6NsTjjtAIoukUV8c8sgYL39H7SpBMME,46fd36a00d6f3d317e40ae4cd8247212,Chrome on Linux,Linux Desktop,Desktop,"Mozilla/5.0 (X11; Linux x86_64) AppleWebKit/537.36 (KHTML, like Gecko) Chrome/145.0.0.0 Safari/537.36",::1,2026-02-14T05:53:12.678Z,2026-03-15T05:53:12.678Z,true,2026-02-13T05:53:12.686Z,2026-02-13T05:53:12.692Z,2026-02-13T05:53:12.692Z,0,,
698ebe977da60b637ce145db,698ebe6c7da60b637ce145d4,eyJhbGciOiJIUzI1NiIsInR5cCI6IkpXVCJ9.eyJzdWIiOiI2OThlYmU2YzdkYTYwYjYzN2NlMTQ1ZDQiLCJlbWFpbCI6ImFkbWluQGdtYWlsLmNvbSIsInJvbGVzIjpbInVzZXIiXSwidHlwZSI6ImFjY2VzcyIsImlhdCI6MTc3MDk2MjU4MywiZXhwIjoxNzcwOTY2MTgzfQ.MLoSJnhOZMyRIixTFDuJ-KPya6V-T4rO_z5FGybkD-Q,eyJhbGciOiJIUzI1NiIsInR5cCI6IkpXVCJ9.eyJzdWIiOiI2OThlYmU2YzdkYTYwYjYzN2NlMTQ1ZDQiLCJlbWFpbCI6ImFkbWluQGdtYWlsLmNvbSIsInJvbGVzIjpbInVzZXIiXSwidHlwZSI6InJlZnJlc2giLCJpYXQiOjE3NzA5NjI1ODMsImV4cCI6MTc3MzU1NDU4M30.XTxM40RgT7aGb-T-8RXiZxhI5SXFa8hZLXdFKLI5G68,a9e9db7961b4954f6c1ffce520c74190,Chrome on Linux,Linux Desktop,Desktop,"Mozilla/5.0 (X11; Linux x86_64) AppleWebKit/537.36 (KHTML, like Gecko) Chrome/145.0.0.0 Safari/537.36",::1,2026-02-14T06:03:03.697Z,2026-03-15T06:03:03.697Z,false,2026-02-13T06:03:03.699Z,2026-02-13T06:03:03.700Z,2026-02-13T06:12:20.655Z,0,2026-02-13T06:12:20.655Z,New login on same device type
698ec0c47da60b637ce145e5,698ebe6c7da60b637ce145d4,eyJhbGciOiJIUzI1NiIsInR5cCI6IkpXVCJ9.eyJzdWIiOiI2OThlYmU2YzdkYTYwYjYzN2NlMTQ1ZDQiLCJlbWFpbCI6ImFkbWluQGdtYWlsLmNvbSIsInJvbGVzIjpbInVzZXIiXSwidHlwZSI6ImFjY2VzcyIsImlhdCI6MTc3MDk2MzE0MCwiZXhwIjoxNzcwOTY2NzQwfQ.rwmAPr_X-sHcJV_hyxfLBsBeB51eIQo4U6Fw1bNWBmg,eyJhbGciOiJIUzI1NiIsInR5cCI6IkpXVCJ9.eyJzdWIiOiI2OThlYmU2YzdkYTYwYjYzN2NlMTQ1ZDQiLCJlbWFpbCI6ImFkbWluQGdtYWlsLmNvbSIsInJvbGVzIjpbInVzZXIiXSwidHlwZSI6InJlZnJlc2giLCJpYXQiOjE3NzA5NjMxNDAsImV4cCI6MTc3MzU1NTE0MH0.HzRPqxjKaiRg9YgMBGg42EP_fmezxZ8xWEvlcXr57S0,145d90293ca3fcef101e6f064ae81815,Chrome on Linux,Linux Desktop,Desktop,"Mozilla/5.0 (X11; Linux x86_64) AppleWebKit/537.36 (KHTML, like Gecko) Chrome/145.0.0.0 Safari/537.36",::1,2026-02-14T06:12:20.652Z,2026-03-15T06:12:20.652Z,false,2026-02-13T06:12:20.657Z,2026-02-13T06:12:20.657Z,2026-02-13T06:19:20.908Z,0,2026-02-13T06:19:20.908Z,New login on same device type
698ec2687da60b637ce145f5,698ebe6c7da60b637ce145d4,eyJhbGciOiJIUzI1NiIsInR5cCI6IkpXVCJ9.eyJzdWIiOiI2OThlYmU2YzdkYTYwYjYzN2NlMTQ1ZDQiLCJlbWFpbCI6ImFkbWluQGdtYWlsLmNvbSIsInJvbGVzIjpbInVzZXIiXSwidHlwZSI6ImFjY2VzcyIsImlhdCI6MTc3MDk2MzU2MCwiZXhwIjoxNzcwOTY3MTYwfQ.RPeqPsLEoLRq6bfk5ReX9IAF57y-zFKMhxyS95mXai0,eyJhbGciOiJIUzI1NiIsInR5cCI6IkpXVCJ9.eyJzdWIiOiI2OThlYmU2YzdkYTYwYjYzN2NlMTQ1ZDQiLCJlbWFpbCI6ImFkbWluQGdtYWlsLmNvbSIsInJvbGVzIjpbInVzZXIiXSwidHlwZSI6InJlZnJlc2giLCJpYXQiOjE3NzA5NjM1NjAsImV4cCI6MTc3MzU1NTU2MH0.uTxLt_Ar7cdM-2Rfuo0Np2uB1y2CvcoTocsVkqvqlmc,da75f3029be59294deec08f30d7aa84f,Chrome on Linux,Linux Desktop,Desktop,"Mozilla/5.0 (X11; Linux x86_64) AppleWebKit/537.36 (KHTML, like Gecko) Chrome/145.0.0.0 Safari/537.36",::1,2026-02-14T06:19:20.906Z,2026-03-15T06:19:20.906Z,false,2026-02-13T06:19:20.909Z,2026-02-13T06:19:20.910Z,2026-02-13T06:39:20.757Z,0,2026-02-13T06:39:20.757Z,New login on same device type
698ec7187da60b637ce1460d,698ebe6c7da60b637ce145d4,eyJhbGciOiJIUzI1NiIsInR5cCI6IkpXVCJ9.eyJzdWIiOiI2OThlYmU2YzdkYTYwYjYzN2NlMTQ1ZDQiLCJlbWFpbCI6ImFkbWluQGdtYWlsLmNvbSIsInJvbGVzIjpbInVzZXIiXSwidHlwZSI6ImFjY2VzcyIsImlhdCI6MTc3MDk2NDc2MCwiZXhwIjoxNzcwOTY4MzYwfQ.NKD1QIYn4035oSqe4rdXl3OrGgBE0g4BOMM8zoOr2FE,eyJhbGciOiJIUzI1NiIsInR5cCI6IkpXVCJ9.eyJzdWIiOiI2OThlYmU2YzdkYTYwYjYzN2NlMTQ1ZDQiLCJlbWFpbCI6ImFkbWluQGdtYWlsLmNvbSIsInJvbGVzIjpbInVzZXIiXSwidHlwZSI6InJlZnJlc2giLCJpYXQiOjE3NzA5NjQ3NjAsImV4cCI6MTc3MzU1Njc2MH0.JTADvzQl4V9DL-ATgaDjD_6tVICrFaYpXSgqDeswzNI,869d50fa551136d3958c96f632db6394,Chrome on Linux,Linux Desktop,Desktop,"Mozilla/5.0 (X11; Linux x86_64) AppleWebKit/537.36 (KHTML, like Gecko) Chrome/145.0.0.0 Safari/537.36",::1,2026-02-14T06:39:20.755Z,2026-03-15T06:39:20.755Z,false,2026-02-13T06:39:20.759Z,2026-02-13T06:39:20.759Z,2026-02-13T06:40:44.766Z,0,2026-02-13T06:40:44.766Z,New login on same device type
698ec76c7da60b637ce14614,698ebe6c7da60b637ce145d4,eyJhbGciOiJIUzI1NiIsInR5cCI6IkpXVCJ9.eyJzdWIiOiI2OThlYmU2YzdkYTYwYjYzN2NlMTQ1ZDQiLCJlbWFpbCI6ImFkbWluQGdtYWlsLmNvbSIsInJvbGVzIjpbInVzZXIiXSwidHlwZSI6ImFjY2VzcyIsImlhdCI6MTc3MDk2NDg0NCwiZXhwIjoxNzcwOTY4NDQ0fQ.CEMo3Rebb9XJcDENKe-pbLtjLEHF-QyfOKzljdTTvZk,eyJhbGciOiJIUzI1NiIsInR5cCI6IkpXVCJ9.eyJzdWIiOiI2OThlYmU2YzdkYTYwYjYzN2NlMTQ1ZDQiLCJlbWFpbCI6ImFkbWluQGdtYWlsLmNvbSIsInJvbGVzIjpbInVzZXIiXSwidHlwZSI6InJlZnJlc2giLCJpYXQiOjE3NzA5NjQ4NDQsImV4cCI6MTc3MzU1Njg0NH0.mqXdlCKI6ff0B1UCPsesPDY8904vudhw6px03QgHiLg,d3fbb4d58a0291fba8f060ec51a11053,Chrome on Linux,Linux Desktop,Desktop,"Mozilla/5.0 (X11; Linux x86_64) AppleWebKit/537.36 (KHTML, like Gecko) Chrome/145.0.0.0 Safari/537.36",::1,2026-02-14T06:40:44.764Z,2026-03-15T06:40:44.764Z,false,2026-02-13T06:40:44.768Z,2026-02-13T06:40:44.768Z,2026-02-16T12:58:51.797Z,0,2026-02-16T12:58:51.796Z,New login on same device type
6993148bdf688d799b491a58,698ebe6c7da60b637ce145d4,eyJhbGciOiJIUzI1NiIsInR5cCI6IkpXVCJ9.eyJzdWIiOiI2OThlYmU2YzdkYTYwYjYzN2NlMTQ1ZDQiLCJlbWFpbCI6ImFkbWluQGdtYWlsLmNvbSIsInJvbGVzIjpbInVzZXIiXSwidHlwZSI6ImFjY2VzcyIsImlhdCI6MTc3MTI0NjczMSwiZXhwIjoxNzcxMjUwMzMxfQ.S5YLBPO4wVX8vxT7vOg8NGshfNKgEFKd7xvdVoLZrlQ,eyJhbGciOiJIUzI1NiIsInR5cCI6IkpXVCJ9.eyJzdWIiOiI2OThlYmU2YzdkYTYwYjYzN2NlMTQ1ZDQiLCJlbWFpbCI6ImFkbWluQGdtYWlsLmNvbSIsInJvbGVzIjpbInVzZXIiXSwidHlwZSI6InJlZnJlc2giLCJpYXQiOjE3NzEyNDY3MzEsImV4cCI6MTc3MzgzODczMX0.-nx51iE8kLtXWErbnltcoitewxETKiFmGKaKXGl2fuw,536a1125c4661b7ad680d96ee3f8f84d,Chrome on Linux,Linux Desktop,Desktop,"Mozilla/5.0 (X11; Linux x86_64) AppleWebKit/537.36 (KHTML, like Gecko) Chrome/145.0.0.0 Safari/537.36",::1,2026-02-17T12:58:51.793Z,2026-03-18T12:58:51.793Z,false,2026-02-16T12:58:51.802Z,2026-02-16T12:58:51.808Z,2026-02-19T07:07:07.691Z,0,2026-02-19T07:07:07.690Z,New login on same device type
6996b69b61082e160231aa72,698ebe6c7da60b637ce145d4,eyJhbGciOiJIUzI1NiIsInR5cCI6IkpXVCJ9.eyJzdWIiOiI2OThlYmU2YzdkYTYwYjYzN2NlMTQ1ZDQiLCJlbWFpbCI6ImFkbWluQGdtYWlsLmNvbSIsInJvbGVzIjpbInVzZXIiXSwidHlwZSI6ImFjY2VzcyIsImlhdCI6MTc3MTQ4NDgyNywiZXhwIjoxNzcxNDg4NDI3fQ.F5OugLvaeObo2afiLUeUK6IGYq6uEEoZ8jABhFS5HyY,eyJhbGciOiJIUzI1NiIsInR5cCI6IkpXVCJ9.eyJzdWIiOiI2OThlYmU2YzdkYTYwYjYzN2NlMTQ1ZDQiLCJlbWFpbCI6ImFkbWluQGdtYWlsLmNvbSIsInJvbGVzIjpbInVzZXIiXSwidHlwZSI6InJlZnJlc2giLCJpYXQiOjE3NzE0ODQ4MjcsImV4cCI6MTc3NDA3NjgyN30.bavuDUm6-njOvgkZdFgemV601n6IPM_YFt3yr4I7Hpc,14d54a1555cba27a439dc4f2d343d48a,Chrome on Linux,Linux Desktop,Desktop,"Mozilla/5.0 (X11; Linux x86_64) AppleWebKit/537.36 (KHTML, like Gecko) Chrome/145.0.0.0 Safari/537.36",::1,2026-02-20T07:07:07.687Z,2026-03-21T07:07:07.687Z,false,2026-02-19T07:07:07.693Z,2026-02-19T07:07:07.694Z,2026-02-19T07:14:45.406Z,0,2026-02-19T07:14:45.406Z,New login on same device type
6996b86561082e160231aa7a,698ebe6c7da60b637ce145d4,eyJhbGciOiJIUzI1NiIsInR5cCI6IkpXVCJ9.eyJzdWIiOiI2OThlYmU2YzdkYTYwYjYzN2NlMTQ1ZDQiLCJlbWFpbCI6ImFkbWluQGdtYWlsLmNvbSIsInJvbGVzIjpbInVzZXIiXSwidHlwZSI6ImFjY2VzcyIsImlhdCI6MTc3MTQ4NTI4NSwiZXhwIjoxNzcxNDg4ODg1fQ.XiMPy4dqSwCHmfV8eIQFafa3PWppEgAwz-B2PFKqLyQ,eyJhbGciOiJIUzI1NiIsInR5cCI6IkpXVCJ9.eyJzdWIiOiI2OThlYmU2YzdkYTYwYjYzN2NlMTQ1ZDQiLCJlbWFpbCI6ImFkbWluQGdtYWlsLmNvbSIsInJvbGVzIjpbInVzZXIiXSwidHlwZSI6InJlZnJlc2giLCJpYXQiOjE3NzE0ODUyODUsImV4cCI6MTc3NDA3NzI4NX0.2X4D1AT8qrj5TW9ML4BPIOVgNW18XI70UNXv-yvrlV0,9fce4f8976ad4508a39ddbb12b547ab9,Chrome on Linux,Linux Desktop,Desktop,"Mozilla/5.0 (X11; Linux x86_64) AppleWebKit/537.36 (KHTML, like Gecko) Chrome/145.0.0.0 Safari/537.36",::1,2026-02-20T07:14:45.404Z,2026-03-21T07:14:45.404Z,false,2026-02-19T07:14:45.408Z,2026-02-19T07:14:45.408Z,2026-02-19T07:39:29.314Z,0,2026-02-19T07:39:29.313Z,New login on same device type
6996be3147bdf7bff771ae07,698ebe6c7da60b637ce145d4,eyJhbGciOiJIUzI1NiIsInR5cCI6IkpXVCJ9.eyJzdWIiOiI2OThlYmU2YzdkYTYwYjYzN2NlMTQ1ZDQiLCJlbWFpbCI6ImFkbWluQGdtYWlsLmNvbSIsInJvbGVzIjpbIjY5OGViNDkxZjlmN2Y0YjQ4NjRiZWY3MCJdLCJ0eXBlIjoiYWNjZXNzIiwiaWF0IjoxNzcxNDg2NzY5LCJleHAiOjE3NzE0OTAzNjl9.-Q-1w14BB3-DsQYj2T7UZ6BHjft74Pivo-7hAr7TL5E,eyJhbGciOiJIUzI1NiIsInR5cCI6IkpXVCJ9.eyJzdWIiOiI2OThlYmU2YzdkYTYwYjYzN2NlMTQ1ZDQiLCJlbWFpbCI6ImFkbWluQGdtYWlsLmNvbSIsInJvbGVzIjpbIjY5OGViNDkxZjlmN2Y0YjQ4NjRiZWY3MCJdLCJ0eXBlIjoicmVmcmVzaCIsImlhdCI6MTc3MTQ4Njc2OSwiZXhwIjoxNzc0MDc4NzY5fQ.AHjQNpJa4notwO8Akh8esMPnovlBEnJN6fvwCuqu-nY,d5f51248fafc09ea56842e1dee2519e5,Chrome on Linux,Linux Desktop,Desktop,"Mozilla/5.0 (X11; Linux x86_64) AppleWebKit/537.36 (KHTML, like Gecko) Chrome/145.0.0.0 Safari/537.36",::1,2026-02-20T07:39:29.309Z,2026-03-21T07:39:29.309Z,false,2026-02-19T07:39:29.319Z,2026-02-19T07:39:29.325Z,2026-02-20T05:25:42.738Z,0,2026-02-20T05:25:42.737Z,New login on same device type
6997f0566b623976c9c96a09,698ebe6c7da60b637ce145d4,eyJhbGciOiJIUzI1NiIsInR5cCI6IkpXVCJ9.eyJzdWIiOiI2OThlYmU2YzdkYTYwYjYzN2NlMTQ1ZDQiLCJlbWFpbCI6ImFkbWluQGdtYWlsLmNvbSIsInJvbGVzIjpbIjY5OGViNDkxZjlmN2Y0YjQ4NjRiZWY3MCJdLCJ0eXBlIjoiYWNjZXNzIiwiaWF0IjoxNzcxNTY1MTQyLCJleHAiOjE3NzE1Njg3NDJ9.vRxSgcZIDuHCLUg85UzEyHw3yeiovR82skCqXSC5YdA,eyJhbGciOiJIUzI1NiIsInR5cCI6IkpXVCJ9.eyJzdWIiOiI2OThlYmU2YzdkYTYwYjYzN2NlMTQ1ZDQiLCJlbWFpbCI6ImFkbWluQGdtYWlsLmNvbSIsInJvbGVzIjpbIjY5OGViNDkxZjlmN2Y0YjQ4NjRiZWY3MCJdLCJ0eXBlIjoicmVmcmVzaCIsImlhdCI6MTc3MTU2NTE0MiwiZXhwIjoxNzc0MTU3MTQyfQ.H7F_gJNWPq3H36rELuIspNkzLBrIoR5BPHTjegeAkkM,32865fd8b05c650ed9be1bf9e646a3e9,Chrome on Linux,Linux Desktop,Desktop,"Mozilla/5.0 (X11; Linux x86_64) AppleWebKit/537.36 (KHTML, like Gecko) Chrome/145.0.0.0 Safari/537.36",::1,2026-02-21T05:25:42.734Z,2026-03-22T05:25:42.734Z,false,2026-02-20T05:25:42.740Z,2026-02-20T05:25:42.741Z,2026-02-24T12:07:34.614Z,0,2026-02-24T12:07:34.613Z,New login on same device type
699d94862435ee1f8d595e1e,698ebe6c7da60b637ce145d4,eyJhbGciOiJIUzI1NiIsInR5cCI6IkpXVCJ9.eyJzdWIiOiI2OThlYmU2YzdkYTYwYjYzN2NlMTQ1ZDQiLCJlbWFpbCI6ImFkbWluQGdtYWlsLmNvbSIsInJvbGVzIjpbIjY5OGViNDkxZjlmN2Y0YjQ4NjRiZWY3MCJdLCJ0eXBlIjoiYWNjZXNzIiwiaWF0IjoxNzcxOTM0ODU0LCJleHAiOjE3NzE5Mzg0NTR9.JKSRj4-OoMqYckFTrXHceRjwZyN8VcgIjKXO7ThIqVo,eyJhbGciOiJIUzI1NiIsInR5cCI6IkpXVCJ9.eyJzdWIiOiI2OThlYmU2YzdkYTYwYjYzN2NlMTQ1ZDQiLCJlbWFpbCI6ImFkbWluQGdtYWlsLmNvbSIsInJvbGVzIjpbIjY5OGViNDkxZjlmN2Y0YjQ4NjRiZWY3MCJdLCJ0eXBlIjoicmVmcmVzaCIsImlhdCI6MTc3MTkzNDg1NCwiZXhwIjoxNzc0NTI2ODU0fQ.jvECGKbBr2RmlkhoXtgGnqz8TG63L_rTGf_A9YdNzTw,698b853bb04c6828b45c520510792321,Chrome on Linux,Linux Desktop,Desktop,"Mozilla/5.0 (X11; Linux x86_64) AppleWebKit/537.36 (KHTML, like Gecko) Chrome/145.0.0.0 Safari/537.36",::ffff:127.0.0.1,2026-02-25T12:07:34.610Z,2026-03-26T12:07:34.610Z,false,2026-02-24T12:07:34.618Z,2026-02-24T12:07:34.624Z,2026-02-24T12:08:26.909Z,0,2026-02-24T12:08:26.909Z,New login on same device type
699d94ba2435ee1f8d595e66,698ebe6c7da60b637ce145d4,eyJhbGciOiJIUzI1NiIsInR5cCI6IkpXVCJ9.eyJzdWIiOiI2OThlYmU2YzdkYTYwYjYzN2NlMTQ1ZDQiLCJlbWFpbCI6ImFkbWluQGdtYWlsLmNvbSIsInJvbGVzIjpbIjY5OGViNDkxZjlmN2Y0YjQ4NjRiZWY3MCJdLCJ0eXBlIjoiYWNjZXNzIiwiaWF0IjoxNzcxOTM0OTA2LCJleHAiOjE3NzE5Mzg1MDZ9.te001KLJuJ59VVu7HF2Rd13TQDWlcLI-Aj1O9OyOVoM,eyJhbGciOiJIUzI1NiIsInR5cCI6IkpXVCJ9.eyJzdWIiOiI2OThlYmU2YzdkYTYwYjYzN2NlMTQ1ZDQiLCJlbWFpbCI6ImFkbWluQGdtYWlsLmNvbSIsInJvbGVzIjpbIjY5OGViNDkxZjlmN2Y0YjQ4NjRiZWY3MCJdLCJ0eXBlIjoicmVmcmVzaCIsImlhdCI6MTc3MTkzNDkwNiwiZXhwIjoxNzc0NTI2OTA2fQ.AKQqrFfVubrmZDihz7yIwRNVFrcaMn1Ms2K7omk4Td4,0c476e65712101880e71b073c634df3d,Chrome on Linux,Linux Desktop,Desktop,"Mozilla/5.0 (X11; Linux x86_64) AppleWebKit/537.36 (KHTML, like Gecko) Chrome/145.0.0.0 Safari/537.36",::ffff:127.0.0.1,2026-02-25T12:08:26.907Z,2026-03-26T12:08:26.907Z,true,2026-02-24T12:08:26.911Z,2026-02-24T12:08:26.912Z,2026-02-24T12:08:26.912Z,0,,
